<?xml version="1.0" encoding="UTF-8"?>
<project-private xmlns="http://www.netbeans.org/ns/project-private/1">
    <editor-bookmarks xmlns="http://www.netbeans.org/ns/editor-bookmarks/2" lastBookmarkId="0"/>
    <open-files xmlns="http://www.netbeans.org/ns/projectui-open-files/2">
        <group>
            <file>file:/M:/Scuola/Informatica/Triemestre/Java/JavaCad/src/shaders/Segment.java</file>
            <file>file:/M:/Scuola/Informatica/Triemestre/Java/JavaCad/src/javacad/Sketch.java</file>
            <file>file:/M:/Scuola/Informatica/Triemestre/Java/JavaCad/src/javacad/JavaCad.java</file>
        </group>
    </open-files>
</project-private>
